{"cameraMode":{"drawMode":0,"name":"Shaded","section":"Shading Mode"},"sceneLighting":false,"audioPlay":false,"sceneViewState":{"m_AlwaysRefresh":false,"showFog":true,"showSkybox":true,"showFlares":true,"showImageEffects":true,"showParticleSystems":true,"showVisualEffectGraphs":true,"m_FxEnabled":true},"in2DMode":false,"pivot":{"x":2.3449199199676515,"y":1.5948200225830079,"z":-13.361809730529786},"rotation":{"x":-0.22096601128578187,"y":0.13466377556324006,"z":-0.030849017202854158,"w":-0.9654614925384522},"size":0.8989019989967346,"orthographic":false}